material_id,raw_text,created_at,updated_at
mat_177933345005936ysyh,"MORGAN &amp; MORGAN
AROGADOS · ATTORNEYS AT LAW

# FORMULARIO PARA SOLICITAR LA INCORPORACION DE UNA SOCIEDAD ANÓNIMA PANAMEÑA
## PANAMANIAN COMPANY INCORPORATION APPLICATION FORM

Solicito la incorporación de una Sociedad Anónima Panameña con las siguientes características
I hereby request the incorporation of a Panamanian corporation with the following characteristics:

### I. NOMBRE DE LA SOCIEDAD, EN ORDEN DE PREFERENCIA
Company name in order of preference:

|  1. Advanced Logic Studios  |
| --- |
|  2. A.L. Studios  |
|  3.  |

### II. Objeto social (actividades a las que se dedicará la sociedad)
Corporate object (activities to be carried out by the company)

☑ Objeto Estándar: El objeto principal de la sociedad es el de dedicarse en la República de Panamá o en cualquier otro país, colonia o territorio extranjero, a comprar, vender, transferir, disponer, negociar, financiar, permutar, poseer, administrar, dar o tomar dinero en préstamo, abrir y manejar cuentas bancarias en Panamá o en cualquier parte del mundo, dar o tomar en comisión, hipoteca, prenda, arrendamiento, uso, usufructo, o anticresis, toda clase de bienes, sean muebles o inmuebles, acciones o derechos y celebrar y efectuar todos los actos, contratos, operaciones, negocios y transacciones de lícito comercio. La Compañía podrá dedicarse igualmente a realizar todos los actos, contratos, operaciones, negocios, o transacciones permitidas por la Ley a las sociedades anónimas. /
The main purpose of the company is to engage in the Republic of Panama or any other country, colony or foreign territory in the purchase, sale, transfer, disposal of, trading, financing, exchange, holding, administration, taking or giving money in loan, opening and managing of bank accounts in Panama or anywhere else in the world, taking or giving in commission, mortgage, pledge, lease, use, usufruct or antichresis any kind of property, whether movable or immovable, stock or rights, and entering into and executing all acts, agreements, operations, business and transactions of licit commerce. The Company may engage also in performing any acts, contracts, operations, business or transactions allowed by the Law to corporations.

☐ Objeto especial (especificar)
Special Object (specify):

### III. CAPITAL

☑ Capital estándar: $10,000.00 dividido en 100 acciones con un valor de $100.00 cada una / Standard
Capital: $10,000.00 divided into 100 shares with a value of $100.00 each.

☐ (insertar número) _____ Acciones sin valor nominal.
/ Other _______________ divided into ____ shares with a nominal value of ____ each. ☐ (insert number) ____ shares without nominal value.

## IV. Información de la Junta Directiva / Information of the Directors

☐ Directores Nominales de Morgan &amp; Morgan
*Nominees to be provided by Morgan &amp; Morgan*

☑ Directores del cliente – directores personas naturales (Favor completar la siguiente información):
*Directors to be appointed by client- Directors natural Person (Please complete the following information):*

|  Nombre completo / Full Name | Nacionalidad/ Nationality | Fecha de Nacimiento/ Date of birth | Tipo de Identificación / Type of Identification | Número de Documento de Identidad/ Identification Document Number | Dirección / Address | Cargo/ Officer  |
| --- | --- | --- | --- | --- | --- | --- |
|  Jose Alberto de Obaldia | Panameño | 29/10/2007 | ☑ Cédula (Panameña)/ ID (Panamanian)
☐ Pasaporte (Extranjero)/ Passport (Foreign) | 8-1057-1381 | Calle 64 Este
PH Coral
Costa | Presidente / President  |
|  Luis Manzanares | Panameño | 16/10/2007 | ☑ Cédula (Panameña)/ ID (Panamanian)
☐ Pasaporte (Extranjero)/ Passport (Foreign) | 8-1056 2385 | Calle 66 San Francisco | Secretario/ Secretary  |
|  Luis Manzanares | Panameño | 16/10/2007 | ☑ Cédula (Panameña)/ ID (Panamanian)
☐ Pasaporte (Extranjero)/ Passport (Foreign) | 8-1056 2385 | Ph Pacific
Bay | Cesareño/ Treasurer  |

Vicepresidente / Vicepresident

☐ Directores corporativos
*Corporate Directors:*

|  Nombre completo / Full Name | Lugar de Incorporación o Registro / Place of Incorporation | Fecha de incorporación/ Date of Incorporation | Número de Registro o equivalente/ Registration No. or Equivalent | Dirección / Address | Cargo/ Officer  |
| --- | --- | --- | --- | --- | --- |
|   |  |  |  |  | Presidente / President  |
|   |  |  |  |  | Secretario/ Secretary  |
|   |  |  |  |  | Tesorero/ Treasurer  |

2

# Issuance of Shares

Por favor, especifique cómo se emitirán las acciones

Please specify how the shares will be issued:

|  Acción N°/Share Certificate N° | Número de Acciones/Number of Shares | Nombre completo / Full Name | Tipo de Identificación / Type of Identification | Número de Documento de Identidad/Identification Document Number | Dirección / Address | Fecha de Nacimiento/Date of birth  |
| --- | --- | --- | --- | --- | --- | --- |
|  70% | 70 | Jose Alberto de Obaldia | ☑ Cédula (Panameña)/ID (Panamanian)
☐ Pasaporte (Extranjero)/Passport (Foreign) | 8-1057 1381 | Calle 64 Este
PH Coral Costa |   |
|  30% | 30 | Luis Manzanares | ☑ Cédula (Panameña)/ID (Panamanian)
☐ Pasaporte (Extranjero)/Passport (Foreign) | 8-1056 2385 | Calle 66 San Francisco, PH
Pacific Bay |   |
|   |  |  | ☐ Cédula (Panameña)/ID (Panamanian)
☐ Pasaporte (Extranjero)/Passport (Foreign) |  |  |   |
|  Acción N°/Share Certificate N° | Número de Acciones/Number of Shares | Nombre completo / Full Name | Lugar de Incorporación/Place of Incorporation | Fecha de Incorporación/Date of Incorporation | Número de Registro o equivalente/Registration No. or Equivalent | Dirección / Address  |
| --- | --- | --- | --- | --- | --- | --- |
|  |   |   |   |   |   |   |
|  |   |   |   |   |   |   |
|  |   |   |   |   |   |   |

## VI. Apoderados

Attorneys in Fact:

Emitir los siguientes poderes en / Issue the following powers of attorney in

☐ Escritura Pública/ Public Deed
☐ Documento Privado / Private Document

|  Nombre completo / Full Name | Tipo de Identificación / Type of Identification | Número de Documento de Identidad/Identification Document Number | Nacionalidad/Nationality | Fecha de Nacimiento/Date of birth | Dirección / Address  |
| --- | --- | --- | --- | --- | --- |
|   | ☐ Cédula (Panameña)/ID (Panamanian)
☐ Pasaporte (Extranjero)/Passport (Foreign) |  |  |  |   |
|   | ☐ Cédula (Panameña)/ID (Panamanian)
☐ Pasaporte (Extranjero)/Passport (Foreign) |  |  |  |   |
|   | ☐ Cédula (Panameña)/ID (Panamanian)
☐ Pasaporte (Extranjero)/Passport (Foreign) |  |  |  |   |

VII. Representación legal (escoger una de las opciones) / Legal representative (Please indicate below):

☐ Cláusula Estándar de Representación Legal / Standard legal representative clause.
☑ El Representante Legal será / The legal representative shall be:
**Jose Alberto de Obaldia**
☐ Otro / Other
**Luis Manzanares**

VIII. Idioma de emisión de los documentos / Language of documents:

☑ Español / Spanish
☐ Inglés / English

IX. Legalizaciones (Apostilla / Legalización Consular) / Legalizations (Apostille / Consulate)

☐ No se requiere Legalizaciones / No legalizations required
☐ Se requiere Legalización de / Legalization required of:

☐ Pacto Social / Articles of Incorporation: ___ Apostille ___ Consulado de / Consulate of _______________
☐ Poder General / General Power of Attorney ___ Apostille ___ Consulado de / Consulate of _______________
☐ Poder Especial / Special Power of Attorney ___ Apostille ___ Consulado de / Consulate of _______________
☐ Otro Documento (Especifique) / Other document (specify) _________________________

X. Registros Contables / Accounting records:

En caso de que la entidad NO realice operaciones que se perfeccionen, consuman o surtan sus efectos en la República de Panamá y a fin de cumplir con la Ley 52 de 27 de octubre de 2016, modificada por la ley 254 de 11 de noviembre del 2021 favor certificar:

In the case that the legal entity’s activities are NOT perfected, carried out or have their effects in the Republic of Panama and to comply with Law 52 of October 27th, 2016, amended by law 254 of Nov. 11, 2021, please certify:

1. Dirección física donde se encuentran los registros contables y la documentación de respaldo:
**Physical address where accounting records and supporting documents are kept:**

**Calle 66 San Francisco, PH Pacific Bay**

2. Datos de la persona responsable que mantiene la custodia de los registros contables y la documentación de soporte:

|  Nombre completo de la persona responsable: | Luis Monzonares  |
| --- | --- |
|  Full name of the person responsible: |   |
|  Correo electrónico: | Studyal496@gmail.com  |
|  Email: |   |

Para dar cumplimiento con Ley 52 de 27 de octubre de 2016, modificada por la ley 254, del 11 de noviembre del 2021, declaro que al cierre de cada periodo fiscal de la persona jurídica, haré llegar a MORGAN Y MORGAN, como Agente Residente, copia de los registros contables y sus sustentos, así como los documento que actualizan los datos y generales de la persona que custodia los originales de dichos registros contables.

In order to comply with Law 52 of October 27th, 2016, amended by Law 254 of Nov. 11th, 2021, I declare that at the end of every fiscal year the legal entity, I will deliver to MORGAN &amp; MORGAN as Resident Agent, a copy of the accounting records and the supporting documents, as well as an update of the contact details of the person keeping safe custody of the original accounting records.

Morgan y Morgan deben ser notificados de cualquier cambio.

Morgan &amp; Morgan must be notified of any change.

☑ Confirm que la información que he provisto en este formulario es real y correcta. I confirm that the information I have provided in this form is true and correct.

Firmado por:
Signed: Jose Alberto de Ovalde
Fecha:
Date: 19/05/2026",2026-05-21 03:17:58.019783+00,2026-05-21 03:17:59.54376+00
mat_1779334566812mp0ypr,"Biología Molecular 
Y
 Celular 
Medicina
Introducción al mundo de la célula 
Dra. María Fernanda Alves Rosa
Bibliografía

Valoresporcentuales(LLS)
DESCRIPCION
PORCENTAJE DE LA 
NOTA FINAL
Exámenes parciales43 %
Exámenes cortos  12%
Asistencia y participación en clase5%
Laboratorio40 %
Los alumnos tendrán opción a examen de revalida, en el caso de que obtengan 
entre 61 y 70 puntos en el promedio general de la materia. 
Inicio clases 9 de marzo- final de clases 15 de Julio 
REGLASDEJUEGO
•ESMUYIMPORTANTEQUEPARTICIPESENLASCLASES.
•LAASISTENCIAALOSEXAMENESESOBLIGATORIA.
•QUIENESTEAUSENTEELDIADELEXAMENPARCIALTIENEPORDEFECTO“CERO”
COMONOTA.
•SOLOAQUELLOSALUMNOSQUEJUSTIFIQUENSUAUSENCIACONCERTIFICADODE
INCAPACIDADPODRANHACERELEXAMENENLACLASESIGUIENTEADICHA
AUSENCIA.
•LOSMIEMBROSDEGRUPOSQUEHANDESUSTENTARLOSTRABAJOSENEQUIPO
DEBENPRESENTARSEOBLIGATORIAMENTEENLAFECHAACORDADAPARALA
EXPOSICION,DELOCONTRARIOLANOTASERA“CERO”.

¿Cómoestáncompuestaslascélulas?
Los átomos se relacionan entre si generando 
macromoléculas y estructuras biológicas que le 
confieren funcionalidad a la célula !!...
Núcleo -> partículas sub-atómicas 
• Carga (+) -> protones -> numero atómico
• Carga neutra -> neutrones.
Nube-> partículassub-atómicas
•Carga(-) -> electronesdistribuidosen orbitales.
Carganetadel átomo: 0
¿Cómo interaccionan los átomos entre si?
Los electrones del ultimo orbital, determinan COMO los atomos interaccionan unos con otros.
En tejidos vivos -> SOLO  los electrones se 
reordenan
Movimiento continuo -> orbitas
(2-8-8-18-18)

Ejemplo:
Unión entre SODIO (metal) y CLORO (no metal)
Elemento# atómicoEstructura 
electrónica
Sodio112-8-1
Neón102-8
Cloro172-8-7
Argón182-8-8
La pregunta del millón es la siguiente...¿ Qué átomo cede sus e- y por qué lo hace y qué átomos 
captan electrones y por qué lo hacen?
REGLA DEL OCTETO
•La tendencia de  los elementos del sistema periódico es completar su último nivel de energía 
con 8 electrones de tal forma que adquieren una configuración muy estable. 
•Esta configuración es semejante a la de un gas noble.
•Excepción He -> elementos cercanos al Helio alcanzarán 2 electrones.
Los orbitalesincompletosson menosestables
Tendencia-> interaccionarcon otrosátomos
Gananciao pérdidade e
-
-> completarsuorbitamásexterna
Estrategia-> enlace químico

El enlace covalente
•Ocurre cuando la diferencia de electronegatividad (tendencia de los átomos de los elementos de atraer 
electrones, cuando se combinan químicamente con otro/ otros elementos) entre dos átomos no es 
suficientemente grande como para que se efectúe transferencia de electrones. 
•Por lo tanto, los átomos comparten uno o más pares de e- en un nuevo tipo de orbital denominado orbital 
molecular.
•Existen dos subtipos de enlaces covalentes, los polares y no polares.
•No polar: Se forma cuando los e- que se enlazan son igualmente compartidos por los dos átomos. 
Siempre que dos átomos del mismo elemento se enlazan -> enlace no polar (Ej.: metano).
•Polar: Se forma cuando los e- que se enlazan están desigualmente compartidos entre dos átomos -> 
ocurren cuando un átomo tiene una mayor afinidad hacia los e- que el otro (Ej.: H
2
O).
Estructuracon:
1.Densidadde cargapositivaconcentradaen un extremode la misma
(polo positivo)
2.Densidadde carganegativaconcentradaen otroextremode la misma
(polo negativo)
Formaciónde DIPOLOS
1.InteracciónINTERMOLECULAR dada porfuerzaseléctricas.
2.Atracciónde moléculascon polaridadopuesta(complementaria).
de cargapositiva
de carga
negativa
EL ENLACE COVALENTE POLAR

Formación de un puente de hidrogeno entre dos moléculas polares
ETANOL y AGUA

Propiedades:
•Tienen puntos de fusión y ebullición bajos debido a que las fuerzasENTRE las moléculas son 
débiles, siendo mayores cuando aumenta lapolaridad.
•No conducen la electricidad ya que no hay cargas ni electroneslibres.
•Se disuelven en sustancias con su misma polaridad:
•Sustancia no polar en solventesno polares.
•Sustancia polar en solventes polares.
Molécula
•Agregado de, por lo menos, dos átomos en una ubicación definitiva. 
•Los átomos, se mantienen unidos a través de enlaces químicos. 
•Una molécula puede contener átomos del mismo elemento o átomos de dos o 
más elementos, siempre en una proporción fija.
COMPUESTOS COVALENTES MOLECULARES.
LAS MOLÉCULAS
Agua
Sustanciamásabundanteen el interior de la 
célula

Agua (H
2
O)
•Molécula de H
2
O -> Unión entre O-H por enlace covalente.
•Formación de molécula altamente polar -> Distribución desigual de e
-
 en la 
molécula de H
2
O.
•Atracción de otras moléculas de H
2
O. -> Puentes de Hidrógeno:
•Enlaces más débiles que los covalentes y se deshacen fácilmente por calor. 
•Gran cantidad de uniones de corta duración.
•Formación de redes moleculares.
•Puentes de Hidrógeno -> Responsable de las propiedades del agua:  estado 
líquido , alta tensión superficial y alto punto de ebullición a Temperatura 
ambiente!!!
•Moléculas polares  (i.e alcoholes) -> formación de  puentes de H con el agua.
•Moléculas orgánicas que se disuelven en  H2O: Azúcares, ADN, ARN >> 
Proteínas.
¿Porquéestan importanteel aguadesdeel puntode vista fisiológico?
oLa mayoría de las reacciones químicas ocurren en medio acuoso. 
oEl agua por si misma participa en muchas reacciones químicas que 
participan en la vida. 
oLos productos y reactivos de las reacciones metabólicas, 
nutrientes y productos de desecho, dependen del agua para su 
transporte en el interior y exterior celular.
oCasi todas las biomoléculas asumen sus formas, y por tanto sus  
funciones en respuesta a las propiedades físicas y químicas del 
agua.
oLa oxidación del H
2
O -> producir oxígeno molecular (O
2
)

-> 
reacción fundamental de la fotosíntesis!!!

PROPIEDADES DEL AGUA
Características peculiares derivadas de  las propiedades moleculares del agua:
▪Carácter dipolar
▪Alto calor especifico
▪Alto calor de  Evaporacion.
▪Elevada Tension superficial.
▪Elevada Constante dieléctrica que facilita la ionización de las sales disueltas.
▪Densidad. Regula la circulación vertical y la estabilidad de lagos y mares.
▪Fuerte absorción de la Radiación de ONDA LARGA y elevada transparencia a la luz, 
influye en la estratificación térmica y en la distribución de los vegetales.

•H
2
O -> carácter dipolar -> las moléculas de agua se orientan de una manera 
especifica en torno a partículas polares o iónicas.
• Formación de envoltura de solvatación -> modificación de las propiedades de estas 
partículas.
1. CARÁCTER DIPOLAR
2. CALOR ESPECÍFICO
▪Definición -> Cantidad de calor (c) necesaria para aumentar 1ºC la temperatura de una 
unidad específica de peso (1 gr) de una sustancia. 
Caloría: cantidad de calor que elevará en 1ºC la temperatura de 1 gr.  de agua pura.
El agua posee alta resistencia a los cambios de temperatura
ALTO CALOR ESPECIFICO 
Dada una tasa dada de ingreso de calor, la temperatura del agua aumentará más lentamente que la 
temperatura de casi cualquier otro material.
De igual manera, la temperatura caerá más lentamente cuando se elimina calor.
  Para que la energía cinética de las moléculas de agua aumente suficientemente como para elevar la 
temperatura de ésta en un grado centígrado -> primero es necesario romper cierto número de sus puentes 
de hidrógeno que restringen el movimiento de las moléculas!
NOTA: El calor específico del agua es aprox. 2X el del aceite o del alcohol, 4X el del aluminio y 10X el del 
acero. Sólo el amoníaco líquido tiene un  calor específico más alto que el agua.

Calor especifico de algunas sustancias
3. CALOR DE VAPORIZACION
•Es la cantidad de calor que necesita absorber un liquido para cambiar  de estado líquido a gas.
•El agua tiene un alto calor de vaporización.
oEn su punto de ebullición (100 ºC – 1 atm), se necesitan 540 calorías para convertir 1 gr.  de 
agua líquida en vapor. 
•Para que una molécula de agua se evapore:
•Deben romperse los puentes de Hidrogeno -> Esto requiere energía térmica!!!!
•Necesita calor, que adquiere de su entorno inmediato, ENFRIANDOLO!!! -> La 
evaporación tiene un efecto refrigerante. 
oUno de los principales medios por los cuales los organismos  “descargan” el exceso de 
calor y estabilizan sus temperaturas.
oNo se requiere ninguna fuente adicional de energía para la evaporación y el agua no 
necesita alcanzar el punto de ebullición para evaporarse. 

4. TENSION SUPERFICIAL
✓Fuerza que resulta de la COHESION (atracción 
mutua de moléculas de la misma sustancia) de 
las moléculas de agua-> la magnitud de esta 
fuerza, controla la forma del liquido.
✓Las moléculas de la superficie no cohesionan con 
otras moléculas de agua en todas las direcciones, 
por lo tanto se cohesionan mas fuertemente 
que aquellas que se encuentran en el interior de 
recipiente.
✓Formación de un “film”  en la superficie que 
dificulta el movimiento de un objeto a través 
de la superficie respecto del interior del liquido.
✓Muy importante -> la vida de los seres de 
pequeño tamaño.

A Basilisk lizard (Basiliscus basiliscus) runs on the water surface.
18 July 2012 Movie S1 from Minetti A, Ivanenko Y, Cappellini G, 
Dominici N, Lacquaniti F. ""Humans Running in Place on Water at 
Simulated Reduced Gravity"". PLOS ONE. 
DOI:10.1371/journal.pone.0037300. PMID 22815681. PMC: 3399875.
Minetti A, Ivanenko Y, Cappellini G, Dominici N, Lacquaniti F

Medida de las propiedades de un solvente para mantener cargas opuestas separadas
La elevada constante dieléctrica () del agua permite la disociación de la mayoría de las sales 
inorgánicas en su seno y permite que las disoluciones puedan conducir la electricidad. 
CONSTANTE DIELECTRICA

5. CONSTANTE DIELECTRICA  () ELEVADA.
: Medida de las propiedades de un solvente para mantener cargas opuestas separadas
✓El agua -> uno de los solventes más polares que existen. ¿Por qué?
✓Consecuencia -> moléculas (ej.:ADN) o partículas cargadas 
eléctricamente (NaCl) se disocian fácilmente en presencia de agua. 
✓En el caso de NaCl -> La generación de iones sucede por que 
las fuerzas entre las cargas opuestas son débiles  -> se 
rompen fácilmente. ¿por qué?
✓Los iones de una sal, como lo hacen cargas cualesquiera, interactúan 
de acuerdo a la ley de Coulomb:
✓Donde:  F: fuerza de unión entre las dos cargas de los iones,  :  
constante dieléctrica del medio, q+ y q- : carga catiónica y aniónica 
respectivamente;  separadas por una distancia r,  k: constante de 
proporcionalidad (8.99 x 10
9
 J·m·C
-2
). . 

Ley de Coulomb F = k.q
1
.q
2
                                             .r
2
6. Densidad 
•Variación anómala 
•Si T
o
 cae por debajo de los 4°C, las moléculas deben separarse ligeramente ->  mantener el máximo número 
de puentes de hidrógeno en una estructura estable - > a 0°C  (punto de congelación). Retículo abierto, que es 
la  estructura más estable de un cristal de hielo -> disminuye la densidad!.
•El agua en estado sólido ocupa más volumen que el agua en estado líquido –> El hielo es menos denso que 
el agua líquida  -> flota en ella!!!.
•Esta propiedad permite que el agua de un lago no se congele por completo. 
•Si no hubiera anomalía, el agua más caliente quedaría en la superficie, donde se iría enfriando, cayendo al 
fondo y siendo sustituida por agua caliente, que se enfriaría a su vez, etc., hasta que todo quedara 
congelado. Al existir la anomalía esto no se ocurre pues el agua más caliente se queda abajo y el calor solo 
se pierde por conducción y no por convección, lo que es mucho más lento. 

El agua del fondo queda protegido 
térmicamente del exterior, y puede 
alcanzar los 4º o 5ºC, que son 
suficientes para la supervivencia de 
ciertas especies 
DATO INTERESANTE!. 
La densidad del agua disminuye de manera monótona a partir de los 4ºC.
Entre 0ºC y 4ºC su densidad aumenta -> el máximo de densidad se alcanza a 4ºC. Esto es lo que se 
conoce como anomalía térmica del agua. 
Por lo tanto, en general el agua caliente es más ligera que el agua fría y por tanto, tenderá a ir hacia la 
superficie, pero a temperaturas próximas a 0°C la tendencia se invierte y el agua más caliente es más 
pesada que la fría. 

7. ACCION CAPILAR 
•Combinación de la cohesión y la adhesión que hacen que el agua 
ascienda entre dos láminas, por tubos muy finos, en un papel 
absorbente, o que atraviese lentamente los pequeños espacios entre 
las partículas del suelo. La fuerza de adhesión del agua es mas fuerte 
que la de cohesión por lo tanto el H2O asciende!
Adhesion vs. cohesion
La atracción de moléculas de agua a los lados 
de un recipiente estrecho (adhesión, flechas 
rojas) es más fuerte que la cohesión (flechas 
naranjas) que une moléculas de agua. El 
resultado es una acción capilar, en la que la 
fuerza de adhesión tira del líquido hacia arriba 
(flechas púrpuras)
Meniscus types
El agua y el mercurio se comportan de manera diferente 
en un tubo de ensayo hecho de vidrio polar.  El agua se 
adhiere al vidrio, llevando los lados hacia arriba y 
formando una superficie cóncava. El mercurio nopolar 
no se siente atraído por el vidrio. La cohesión entre los 
átomos de mercurio crea tensión superficial que forma 
una superficie convexa

8. Alta conductividad térmica  

Fuerzasde uniónhidrofóbicas
Resultantesde la asociaciónde los gruposno polaresquese asocianexcluyendoa las
moléculasde H
2
O
✓Las moléculas no polares interfieren con la 
formación de las redes de moléculas de H
2
O  -> 
exclusión molecular.
✓La atracción de dos moléculas no polares reduce 
su contacto con el agua.
✓La atracción entre moléculas no polares se debe a 
la fuerza de repulsión del H
2
O!!!!",2026-05-21 03:36:34.09936+00,2026-05-21 03:36:31.068+00
mat_1779860508959306z7x,"[Pagina 1]
Barroco

[Pagina 2]
INTRODUCCIÓN • Entre los siglos XV y XVI (Descubrimiento y colonización de América), España  alcanza su máximo esplendor político y territorial, llegando a constituirse en un  gran imperio que se fue desmoronando hacia el siglo XVII. • Se conoció como el  Siglo de Oro Español , al periodo que abarca desde la segunda  mitad del siglo XVI hasta finales del siglo XVII. En este, el siglo XVI corresponde  al Renacimiento Español y el siglo XVII al Barroco. • El Barroco es el movimiento cultural y artístico que se extendió a lo largo del  siglo XVII. Surgió como una respuesta al arte del Renacimiento, al que se opuso  radicalmente y que se produjo debido al clima de deterioro político del imperio  español.  • Ante la visión positiva del mundo y la consideración del ser humano como  centro del universo, por parte de los renacentistas, el Barroco adopta una actitud  pesimista ante la vida.

[Pagina 3]
• La literatura barroca rompe el ideal clásico de equilibrio y armonía, y crea un estilo artificioso y complejo, por medio del lenguaje . • Los temas también reflejan el desencanto y el pesimismo : la crítica y la caricatura de la realidad, la fugacidad del tiempo, la muerte, la vida como sueño y el desengaño desplazan el optimismo característico del Renacimiento . Utilizaron diversos tópicos literarios (memento mori , tempus fugit , vitae somnus , ubi sunt?, vanitas vanitatum ) . • El principal objetivo del arte barroco fue despertar la atención a través de estímulos sensoriales o intelectuales . La literatura barroca se manifestó con el empleo de diferentes recursos estilísticos (figuras literarias) : - La exageración y el gusto por lo desmesurado, se traduce en el empleo de hipérboles . De la  literaturA barroca

[Pagina 4]
De la  literaturA barroca • El contraste manifiesta el desequilibrio que impera en la sociedad, donde el refinamiento de los palacios convive con la ruindad de los barrios miserables . Se utiliza ampliamente el contraste de ideas y figuras literarias como la antítesis y el oxímoron . • Ejemplo : “Creer que un cielo en un infierno cabe . ” Lope De Vega . • El artificio y la complejidad dan lugar a una literatura de difícil comprensión . Los textos abundan en juegos de palabras e ironía ... • Ejemplo : “¿Siempre se ha de sentir lo que se dice? ¿Nunca se ha de decir lo que se siente?” Francisco de Quevedo, “Epístola satírica” (fragmento)

[Pagina 5]
El  quijote La  novela • Entre 1605 y 1615 , cuando Miguel de Cervantes Saavedra publica El ingenioso hidalgo don Quijote de La Mancha, una de las obras maestras de la literatura universal . • El ingenioso hidalgo don Quijote de La Mancha, obra cumbre de la literatura española, se publicó en dos partes ; la primera parte apareció en 1605 y la segunda, en 1615 . Es la primera novela moderna, cuyas aventuras corresponden a líneas argumentales diversas . • Don Quijote de La Mancha es una parodia de los libros de caballería que narra la historia de Alonso Quijano, un hidalgo que, influido por esas lecturas, se convierte en caballero andante . Acompañado por Sancho Panza, su escudero de sabiduría popular, vive diversas aventuras, como la de los Molinos de viento o el discurso de Marcela . Don Quijote representa el idealismo y Sancho el materialismo , aunque ambos evolucionan : el primero se vuelve más realista y el segundo, más idealista .

[Pagina 6]
• En la lírica barroca española se distinguen dos corrientes : el conceptismo, cuya figura principal es Francisco de Quevedo, y el culteranismo, liderado por Luis de Góngora : • El conceptismo se caracteriza por la asociación de ideas ingeniosas . Es un arte sutil que se dirige a la inteligencia del lector . Su discurso literario se basa en el ingenio, la ironía, la caricatura, el doble sentido ... “Pues sepa, quien lo niega y quien lo duda, que es la lengua, la verdad, de Dios severo, y la lengua de Dios nunca fue muda . ” Francisco de Quevedo . • El culteranismo busca la belleza formal . El empleo de abundantes recursos estilísticos como metáforas, alusiones a la mitología ... hacen del culteranismo un estilo accesible solo para una minoría . “Leandro en mar de fuego proceloso su amor ostenta, su vivir apura; Ícaro en senda de oro mal segura arde sus alas por morir glorioso”. Luis de Góngora, “En crespa tempestad del oro undoso” (fragmento) BARROCA

[Pagina 7]
Teatro  Barroco La popularidad de que gozaba el teatro se debía, en gran medida, a la llamada comedia nueva, que se caracteriza por lo siguiente : • Mezcla de elementos trágicos y cómicos . • Escaso respeto a las reglas de las tres unidades clásicas (tiempo, lugar y acción) para dar viveza al argumento, pues mezcla varias acciones de duración variable en lugares distintos . • Participación de personajes tipo : el galán, la dama, el rey, el bufón, etc ... • Acción movida por el amor y el honor, considerado este último como el máximo valor social . • Estructura sencilla en tres actos : planteamiento, nudo y desenlace . • Empleo del verso con estrofas variadas y utilizando el estilo de lírica barroca . • La finalidad es, ya sea por medio del sufrimiento o de la risa , dejar una enseñanza . • Gran variedad de temas ( tópicos literarios ) .

[Pagina 8]
Lope de Vega , el ""Fénix de los ingenios"", fue un  dramaturgo fundamental que popularizó el teatro  español con obras variadas y accesibles. Defendió  una lengua clara y adaptable a los temas. Sus  comedias, con el amor y el honor como ejes,  abordaron temas diversos desde la Biblia hasta la  historia. Tirso de Molina  fue un dramaturgo barroco  que, si bien siguió las pautas de Lope de Vega,  destacó por la profundidad psicológica de sus  personajes (especialmente femeninos), su humor,  y su rico lenguaje conceptista. Su legado más  importante es la creación de  Don Juan en ""El  burlador de Sevilla"",  un personaje universal del  burlador de mujeres.  AUTORES

[Pagina 9]
Pedro Calderón de la Barca. A diferencia del teatro de Lope, en el que la  improvisación fue una constante, el teatro de Calderón se caracteriza por  su  meditada elaboración . Su teatro fue  reflexivo , de ideas; profundizó  en los grandes problemas  filosóficos y morales de la época barroca. El  honor, la virtud, la idea de las falsas apariencias, la muerte y el libre  albedrío son los temas predominantes. En algunos dramas aborda temas como la fugacidad de la vida, la muerte,  el más allá, el honor, la inconsistencia de los bienes materiales... Entre ellos  destacan  El alcalde de Zalamea y  La vida es sueño . Calderón  incorporó a su teatro los temas y recursos propios de la poesía del Barroco.

[Pagina 10]
La  vida es  • Pedro Calderón de la Barca escribió dramas filosóficos en los que plantea temas característicos de la época barroca, como el conflicto entre la apariencia y la realidad de las cosas . Este conflicto sirve de base al argumento de La vida es sueño : • El rey Basilio, asustado por el horóscopo que pronostica que su hijo Segismundo se sublevará contra él, ordena encerrarlo en una prisión . Un día, el Rey decide liberarlo . Tras ser dormido con un bebedizo en su celda, Segismundo despierta en palacio convertido en príncipe y, desbocado por el vértigo del poder, comete mil abusos . Entonces Basilio, convencido de que el horóscopo decía la verdad, vuelve a encerrarlo tras dormirlo por segunda vez . Al despertar, le hace creer que todo fue un sueño . • Sin embargo, el pueblo se entera de la existencia del príncipe y se rebela para liberarlo . Esta vez, Segismundo actúa con sabiduría y moderación, dudando de lo que es real o sueño, y perdonando a sus enemigos . Así demuestra que el libre albedrío puede vencer al destino .",2026-05-27 05:43:06.414787+00,2026-05-27 05:43:06.394+00
mat_17799318137666tx6ll,"[Pagina 1]
¿Por   qué   los   Falcons   son   el   mejor   equipo   de   la   historia?   Hablar   de   los   Atlanta   Falcons   no   es   simplemente   hablar   de   un   equipo   de   fútbol   americano.   Es   hablar   de   una   franquicia   que,   a   pesar   de   las   dificultades,   ha   construido   una   identidad   basada   en   la   pasión,   la   resiliencia   y   el   impacto   cultural   dentro   de   la   National   Football   League.   Aunque   muchos   debates   sobre   “el   mejor   equipo   de   la   historia”   suelen   centrarse   únicamente   en   la   cantidad   de   campeonatos,   esa   visión   es   limitada.   La   grandeza   de   un   equipo   no   depende   solo   de   trofeos,   sino   también   de   su   legado,   de   los   jugadores   que   marcaron   generaciones,   de   la   conexión   con   su   afición   y   de   la   capacidad   de   inspirar   incluso   en   los   momentos   más   difíciles.   Desde   esa   perspectiva,   los   Falcons   pueden   considerarse   el   mejor   equipo   de   la   historia.   Uno   de   los   aspectos   más   importantes   de   los   Falcons   es   su   identidad   única.   Fundados   en   1965   en   la   ciudad   de   Atlanta,   el   equipo   rápidamente   se   convirtió   en   un   símbolo   del   sur   de   Estados   Unidos   dentro   de   la   NFL.   Mientras   otras   franquicias   históricas   estaban   construyendo   dinastías   basadas   únicamente   en   resultados,   Atlanta   desarrolló   algo   distinto:   una   cultura   apasionada   y   una   conexión   emocional   enorme   con   sus   seguidores.   Los   aficionados   de   los   Falcons   son   reconocidos   por   mantenerse   leales   incluso   en   temporadas   difíciles,   demostrando   que   el   verdadero   amor   por   un   equipo   va   más   allá   de   las   victorias   momentáneas.   Además,   los   Falcons   han   contado   con   algunos   de   los   jugadores   más   espectaculares   y   talentosos   en   la   historia   del   fútbol   americano.   Uno   de   ellos   es   Michael   Vick,   quien   revolucionó   la   posición   de   quarterback   gracias   a   su   velocidad,   capacidad   atlética   y   estilo   explosivo   de   juego.   Antes   de   Vick,   era   raro   ver   a   un   quarterback   correr   con   tanta   agresividad   y   habilidad.   Él   cambió   la   manera   en   que   se   entendía   esa   posición   y   abrió   el   camino   para   futuras   estrellas   móviles   de   la   NFL.   Su   impacto   fue   tan   grande   que   muchos   jugadores   actuales   todavía   son   comparados   con   él.   Otro   nombre   fundamental   es   Matt   Ryan,   considerado   por   muchos   el   mejor   quarterback   en   la   historia   de   la   franquicia.   Ryan   llevó   estabilidad,   liderazgo   y   consistencia   al   equipo   durante   más   de   una   década.   Bajo   su   mando,   los   Falcons   alcanzaron   uno   de   los   puntos   más   altos   de   su   historia   moderna:   el   Super   Bowl   LI.   Aunque   ese   partido   terminó   en   derrota,   la   temporada   de   Atlanta   fue   extraordinaria.   La   ofensiva   dirigida   por   Ryan   era   prácticamente   imparable   y   mostraba   un   fútbol   americano   dinámico,   creativo   y   emocionante.   Muchos   expertos   consideran   que   esa   ofensiva   fue   una   de   las   mejores   jamás   vistas   en   la   NFL.

[Pagina 2]
Junto   a   Ryan   apareció   otra   leyenda:   Julio   Jones.   Jones   redefinió   lo   que   significa   ser   un   receptor   abierto   dominante.   Su   combinación   de   tamaño,   velocidad,   fuerza   y   técnica   lo   convirtió   en   una   pesadilla   para   las   defensas   rivales.   Durante   años,   fue   considerado   el   receptor   más   completo   de   toda   la   liga.   Sus   atrapadas   espectaculares   y   actuaciones   decisivas   ayudaron   a   consolidar   la   identidad   ofensiva   explosiva   de   los   Falcons.   La   química   entre   Matt   Ryan   y   Julio   Jones   creó   una   de   las   duplas   más   memorables   de   la   NFL   moderna.   Otro   argumento   a   favor   de   los   Falcons   como   el   mejor   equipo   de   la   historia   es   su   capacidad   para   generar   momentos   inolvidables.   En   el   deporte,   no   siempre   se   recuerda   únicamente   quién   ganó   más   campeonatos;   también   se   recuerda   quién   hizo   que   la   gente   sintiera   emociones   intensas.   Atlanta   ha   protagonizado   partidos   históricos,   remontadas   sorprendentes   y   actuaciones   individuales   legendarias   que   permanecen   en   la   memoria   colectiva   de   los   aficionados.   El   equipo   representa   emoción   constante,   algo   esencial   en   cualquier   deporte.   También   es   importante   reconocer   el   impacto   cultural   de   la   franquicia.   Los   Falcons   representan   una   parte   importante   de   la   identidad   deportiva   de   Atlanta,   una   ciudad   que   ha   crecido   enormemente   en   relevancia   cultural,   musical   y   económica   en   las   últimas   décadas.   El   equipo   se   convirtió   en   un   símbolo   de   orgullo   local   y   ayudó   a   fortalecer   la   presencia   deportiva   de   la   ciudad   a   nivel   nacional.   Su   estadio,   el   Mercedes-Benz   Stadium,   es   considerado   uno   de   los   más   modernos   e   impresionantes   del   mundo,   reflejando   la   ambición   y   grandeza   de   la   organización.   Más   allá   de   las   estadísticas,   los   Falcons   también   simbolizan   perseverancia.   Muchos   equipos   son   admirados   únicamente   cuando   ganan,   pero   Atlanta   ha   demostrado   algo   diferente:   la   capacidad   de   seguir   luchando   incluso   después   de   derrotas   dolorosas.   Eso   hace   que   sus   aficionados   desarrollen   una   conexión   emocional   mucho   más   profunda   con   el   equipo.   En   cierto   sentido,   los   Falcons   representan   el   espíritu   humano   de   nunca   rendirse,   incluso   cuando   el   camino   es   difícil.   Esa   narrativa   convierte   a   la   franquicia   en   algo   más   que   un   simple   equipo   deportivo.   En   conclusión,   afirmar   que   los   Falcons   son   el   mejor   equipo   de   la   historia   puede   parecer   polémico   para   algunos,   especialmente   para   quienes   solo   miden   la   grandeza   en   campeonatos.   Sin   embargo,   cuando   se   consideran   factores   como   el   impacto   cultural,   la   pasión   de   la   afición,   la   influencia   de   sus   jugadores   legendarios,   el   estilo   emocionante   de   juego   y   la   capacidad   de   inspirar   emociones   intensas,   los   Falcons   tienen   argumentos   sólidos   para   ocupar   ese   lugar.   La   historia   del   deporte   no   se   construye   únicamente   con   trofeos;   también   se   construye   con   recuerdos,   emociones   y   legado.   Y   en   todos   esos   aspectos,   los   Atlanta   Falcons   han   dejado   una   huella   imborrable   en   la   NFL   y   en   el   corazón   de   millones   de   aficionados.",2026-05-28 01:31:06.890804+00,2026-05-28 01:31:06.677+00
mat_17799318140449ezkfk,"[Pagina 1]
???
QUÉ ES
La Abetalipoproteinemia

[Pagina 2]
Introducción
La abetalipoproteinemia (ABL) es un trastorno genético poco frecuente del
metabolismo de los lípidos, caracterizado por la incapacidad del organismo para
formar y secretar lipoproteínas que contienen apolipoproteína B, como los
quilomicrones y las lipoproteínas de muy baja densidad (VLDL). Esta alteración se
debe a mutaciones en el gen que codifica la proteína de transferencia de
triglicéridos microsomal (MTP), fundamental en el ensamblaje de estas
lipoproteínas en el intestino y el hígado.
Como consecuencia, se produce una alteración en el transporte de grasas y
vitaminas liposolubles (A, D, E y K), lo que impacta múltiples sistemas del
organismo. Aunque es una enfermedad rara, su estudio es importante porque
permite comprender los mecanismos básicos del metabolismo lipídico y sus
implicaciones clínicas.

[Pagina 3]
Fisiopatología
• Se caracteriza por la ausencia de apolipoproteína B (ApoB), proteína encargada de la
formación de lipoproteínas que transportan grasas y vitaminas liposolubles como A, D, E y
K
• Las beta-apolipoproteínas son una subfamilia de apolipoproteínas de gran tamaño; son
esenciales para la secreción y formación de quilomicrones y VLDL.
• La abetalipoproteinemia está causada por mutaciones en el. gen MTTP, que codifica la
proteína microsomal de transferencia de triglicéridos (MTP)
Proceso normal de formación de lipoproteinas
• El proceso comienza en el retículo endoplasmático, donde se generan las apolipoproteínas, junto
con colesterol, fosfolípidos y triglicéridos, que se incorporan para formar partículas de
lipoproteínas.
• Estos complejos se trasladan al aparato de Golgi, donde se modifican y posteriormente se secretan
hacia la circulación.
• Las lipoproteínas tienen composiciones específicas según su contenido lipídico y el tipo de
apolipoproteínas que contienen.
• Las principales beta-apolipoproteínas son la ApoB-48 y la ApoB-100. La ApoB-48 se encuentra en
los quilomicrones, mientras que la ApoB-100 se sintetiza en el hígado y forma parte de las VLDL

[Pagina 4]
Mecanismo fisiopatológico de la
enfermedad
• El mecanismo fisiopatológico se basa en la alteración de la proteína MTP, que actúa como una gu/ía
esencial para la formación del complejo apoB-lipoproteína.
• Cuando la MTP no está presente o no funciona correctamente, el proceso de ensamblaje de las
lipoproteínas no se lleva a cabo de forma adecuada.
Alteración en la formación de
lipoproteínas
• En ausencia de una MTP funcional, la apolipoproteína B no puede unirse a los lípidos. Como
resultado, la ApoB es degradada dentro de la célula y no se forman lipoproteínas funcionales.
• Producto de todo este proceso, el cuerpo no puede producir ni liberar bien: quilomicrones y VLDL
del intestino y el hígado.
• La privación en la secreción de VLDL, ocasiona esteatosis hepática que puede avanzar a cirrosis,
por el daño hepático crónico

[Pagina 5]
Fisiopatologia 2
(manifestaciones\consecuencias)
Como consecuencia de la alteración en la formación de lipoproteínas, se
produce una disminución en la absorción y transporte de grasas, lo que
genera manifestaciones clínicas características.
A nivel gastrointestinal, aparece esteatorrea, diarrea y pérdida de peso
debido a la mala absorción lipídica. Además, se produce un déficit de
vitaminas liposolubles, especialmente vitamina E, lo que ocasiona
alteraciones neurológicas como debilidad muscular y problemas de
coordinación, así como afectación visual progresiva.
En el hígado, la acumulación de lípidos da lugar a esteatosis hepática, que
puede evolucionar a fibrosis o cirrosis. También pueden presentarse
alteraciones hematológicas como acantocitosis, reflejando cambios en la
membrana de los eritrocitos.

[Pagina 6]
Factores causantes
MUTACIÓN DEL GEN MTTP
El gen MTTP se encarga de producir una proteína (MTP) que ayuda a transferir triglicéridos y otros
lípidos hacia la apolipoproteína B dentro del hígado y el intestino. La apolipoproteína B es esencial
para la formación de lipoproteínas que transportan grasas, como los quilomicrones (en el intestino) y
las VLDL (en el hígado). Posteriormente, las VLDL se transforman en LDL en la circulación.
Si falla el MTP → La ApoB se degrada y no se forman bien estas lipoproteínas → abetalipoproteinemia
ApoB sola = estructura incompleta e inestable
ApoB + lípidos transferidos por MTP = lipoproteína funcional
En el retículo endoplásmico del intestino y el hígado se sintetiza ApoB, luego el MTP transfiere lípidos a
ApoB y el ApoB se ""lipida""... formando así quilomicrones y VLDL. Si esto no ocurre, la ApoB queda
“vacía” y la célula la degrada

[Pagina 7]
Mutación
Patrón autosómico
recesivo
Enfermedad autosómica recesiva
Padres tienen una copia normal y una mutada
Hijo hereda ambas mutadas
Qué provoca en
MTTP?
Esto causa que la
proteína MTР...
• no se produzca
• se produzca mal plegada
• sea inestable
Cambios
espontáneos
Cambios espontáneos
mutaciones en el óvulo,
espermatozoide o en etapas
tempranas del embrión (sin
antecedentes familiares)
MTP
MTP
Small Intestine
MTP
Liver
Circulating
Cholesterol
Mutation
MTP
MTTP gene
Fat Cells
Abnormal MTP protein impairs transportation of
cholesterol from the intestine, liver, and fat cells
• no transfiera lípidos a ApoB

[Pagina 8]
Problemas
digestivos
• Heces con mal honor y grasosas
• Diarrea crónica
Síntomas
• Retraso en el desarrollo (problemas de
crecimiento o ganar peso)
Problemas
neurologicos
• Debilidad muscular
• Problemas de equilibrio
• Perdida de reflejos
• Ataxia (pérdida de coordinació)
Alteraciones de
visión
• Degeneración de las retinas
• Pérdida progresiva
• Perdida de visión nocturna
Otros
problemas
• Déficit de vitamina liposolubles
(A, D, K y especialmente E)
• Acantocitosis (Glóbulos rojos
anormales)
• Anemia leve
• Problemas óseos
dreamartin
Defecto en la producción de
lipoproteinas (como la VLDL y
LDL)

[Pagina 9]
Diagnóstico
1. Sospecha clínica:
Diarrea grasa (esteatorrea)
Retraso en el crecimiento
Problemas neurológicos (mala coordinación)
Alteraciones visuales
2. Pruebas de laboratorio:
Niveles muy bajos de colesterol total y triglicéridos
Ausencia o niveles extremadamente bajos de lipoproteínas
(especialmente LDL)
Deficiencia de vitaminas liposolubles
3. Estudios específicos:
Frotis sanguíneo: presencia de acantocitos (glóbulos rojos anormales)
Biopsia intestinal: acumulación de grasa en enterocitos
Prueba genética: mutación en el gen MTTP
Herencia autosomica recesiva
Ges trucado
Gen normal
Madio fel ahistali
Quertatione
Hya no afectad
Spormador)
Hija no ofocleda
Sportedora)
Hijo aflectode

[Pagina 10]
Tratamientos
1. Suplementación vitamínica (fundamental)
Altas dosis de:
Vitamina A
Vitamina D
Vitamina E (muy importante para sistema nervioso)
Vitamina K
2. Manejo de complicaciones
Tratamiento de problemas neurológicos si aparecen
Control oftalmológico (retinitis pigmentaria)
1. Dieta especializada
2. Apoyo nutricional
3. Rehabilitación
Como es genética, no se puede prevenir completamente, pero sí:
1. Asesoramiento genético
Importante si hay antecedentes familiares
2. Diagnóstico temprano
Detectarla en infancia evita complicaciones graves
3. Seguimiento continuo

[Pagina 11]
GRACIAS!
Questions?",2026-05-28 01:31:35.752445+00,2026-05-28 01:31:35.269+00