id,sender_id,receiver_id,status,created_at,updated_at
0df5767b-eae5-4dd5-be2f-0c2c210c3b84,5bdc18ae-0d62-4394-adb0-a723e6786757,eacef9b8-ebf6-4e01-bf9a-b6ecd80d49e7,pending,2026-04-27 22:56:12.908173+00,2026-04-27 22:56:12.908173+00
0e806517-e333-4b06-abaa-a8575484f0ff,2cf9cd6b-f610-4293-96ae-f2850ddfe5f5,445e1eca-a7e4-48f2-9732-33f76efc50d1,accepted,2026-04-27 20:46:06.006493+00,2026-04-27 21:32:19.226+00
160a4ebc-6557-4cdd-ac57-48155fa2716f,445e1eca-a7e4-48f2-9732-33f76efc50d1,3bf673d4-e9d9-4fe6-b1bf-5bc8c288f241,pending,2026-04-27 19:23:33.186997+00,2026-04-27 19:23:33.186997+00
2a5af29a-6218-4925-ada8-5826d29c3437,7d715043-e292-4f35-83b3-5c1a7e1c7b0e,445e1eca-a7e4-48f2-9732-33f76efc50d1,accepted,2026-04-28 14:53:03.804313+00,2026-04-29 02:43:26.514+00
30f6dc62-a88e-41d8-b325-408f7f2f0076,445e1eca-a7e4-48f2-9732-33f76efc50d1,0a4d17e6-babd-4459-99a6-1f343f1f2656,accepted,2026-04-27 03:14:15.787897+00,2026-04-27 03:16:41.202+00
40b863a7-78b8-41ea-8835-b4a56df84c7f,2cf9cd6b-f610-4293-96ae-f2850ddfe5f5,8b389762-5dc8-40fe-a089-069211d444e6,pending,2026-04-27 20:46:09.482574+00,2026-04-27 20:46:09.482574+00
445ee140-2d13-4be6-bee9-9674c0e7ff73,2cf9cd6b-f610-4293-96ae-f2850ddfe5f5,613890de-3215-48a8-b792-01105429a9a6,pending,2026-04-27 22:55:42.86204+00,2026-04-27 22:55:42.86204+00
4a200ff6-2561-4dee-b24b-f678502abbb4,2cf9cd6b-f610-4293-96ae-f2850ddfe5f5,d428bdda-d28a-4c09-8dec-361108d7531c,pending,2026-04-27 20:45:58.530972+00,2026-04-27 20:45:58.530972+00
4c749d3a-3986-4cf4-a777-3c9d09429b0e,445e1eca-a7e4-48f2-9732-33f76efc50d1,f8f45c39-7946-4e39-890b-f1663202db3f,pending,2026-04-27 19:26:04.984771+00,2026-04-27 19:26:04.984771+00
51852bb0-185b-4b12-adbc-babedbe90b17,84a3c792-adfe-4338-8131-e318333b6676,a1089cef-95a1-422c-8aab-639fbc3a9ea1,accepted,2026-04-27 20:49:40.982497+00,2026-04-27 20:49:55.338+00
77d6c322-0a54-42ca-b491-bbb4b04774a4,9956f405-8f04-4316-b8ae-fa04b3d74bdc,3bf673d4-e9d9-4fe6-b1bf-5bc8c288f241,pending,2026-04-27 19:23:37.73823+00,2026-04-27 19:23:37.73823+00
7fbfc655-b6b0-46da-8027-87f98ebaf788,2cf9cd6b-f610-4293-96ae-f2850ddfe5f5,5b1b3d0e-a3a1-4df7-9c8c-08e298858438,pending,2026-04-27 20:46:00.71412+00,2026-04-27 20:46:00.71412+00
9546f3ca-314f-4690-ba46-4204fb49d747,2cf9cd6b-f610-4293-96ae-f2850ddfe5f5,9956f405-8f04-4316-b8ae-fa04b3d74bdc,accepted,2026-04-27 20:45:55.41158+00,2026-04-28 13:43:31.212+00
976f874a-3663-4f76-9b59-31939a17ace5,9956f405-8f04-4316-b8ae-fa04b3d74bdc,445e1eca-a7e4-48f2-9732-33f76efc50d1,accepted,2026-04-27 19:23:19.126835+00,2026-04-27 19:23:28.519+00
a38fe715-5ebb-480a-acfb-54de43a6d1ef,2cf9cd6b-f610-4293-96ae-f2850ddfe5f5,0f766ee9-e69e-4cfd-8326-0d32f91abda4,pending,2026-04-27 20:45:51.102544+00,2026-04-27 20:45:51.102544+00
a8d83ea4-32cf-4ac7-bad3-cbe7cfd32b86,b7f283b4-a566-4c96-adad-5f10aec955a1,dd36b96a-ae3b-4ed4-901b-4353c1c64610,accepted,2026-04-30 18:59:01.835172+00,2026-04-30 18:59:42.111+00
b73f6797-991f-472a-9fb4-0f04ab676646,445e1eca-a7e4-48f2-9732-33f76efc50d1,c17eda77-4de0-405c-bc21-6bedde30e162,accepted,2026-04-26 19:13:08.899666+00,2026-04-27 09:46:33.873+00
bc3c30cd-375b-4271-bcab-a3285db29919,445e1eca-a7e4-48f2-9732-33f76efc50d1,1fd844a1-e6ff-41a0-ad32-02af29b43c0e,accepted,2026-04-27 19:25:04.199773+00,2026-04-27 20:08:14.794+00
bec5f8fe-1f38-4d37-b60e-2a9bc50cd3c0,eacef9b8-ebf6-4e01-bf9a-b6ecd80d49e7,613890de-3215-48a8-b792-01105429a9a6,pending,2026-04-27 22:54:16.556019+00,2026-04-27 22:54:16.556019+00
c3822520-a92c-4ecf-abe1-9328f10f4f30,84a3c792-adfe-4338-8131-e318333b6676,445e1eca-a7e4-48f2-9732-33f76efc50d1,accepted,2026-04-27 20:48:37.589073+00,2026-04-27 21:32:14.311+00
cc98bc1d-6049-405b-8a87-832cac966f27,12a18056-84ea-491d-bd8d-f57890fe4801,84a3c792-adfe-4338-8131-e318333b6676,pending,2026-04-27 20:51:18.559561+00,2026-04-27 20:51:18.559561+00
e405f2b1-4392-473f-b56b-0b884096e0cc,2cf9cd6b-f610-4293-96ae-f2850ddfe5f5,5bdc18ae-0d62-4394-adb0-a723e6786757,pending,2026-05-04 14:41:03.49602+00,2026-05-04 14:41:03.49602+00
e60958b3-fac8-4e81-a6d0-a0f01e65c5a8,445e1eca-a7e4-48f2-9732-33f76efc50d1,8d6bcea5-8680-44e0-930c-c6f7109df6a2,pending,2026-05-18 22:27:16.852974+00,2026-05-18 22:27:16.852974+00
f4327b4f-2179-45a3-b850-dfe88f7e4348,445e1eca-a7e4-48f2-9732-33f76efc50d1,2bdc196e-3697-4e00-95b9-0490a3b2a498,pending,2026-04-30 01:52:15.239418+00,2026-04-30 01:52:15.239418+00